,Start,End,Duration,Exposure Time [%],Equity Final [$],Equity Peak [$],Return [%],Buy & Hold Return [%],Return (Ann.) [%],Volatility (Ann.) [%],Sharpe Ratio,Sortino Ratio,Calmar Ratio,Max. Drawdown [%],Avg. Drawdown [%],Max. Drawdown Duration,Avg. Drawdown Duration,# Trades,Win Rate [%],Best Trade [%],Worst Trade [%],Avg. Trade [%],Max. Trade Duration,Avg. Trade Duration,Profit Factor,Expectancy [%],SQN,_strategy,_equity_curve,_trades
0,2004-01-27,2004-06-14,139 days,13.0,8439.925233098438,10026.350189208984,-15.600747669015618,124.94300685885287,-34.78112991966509,11.375721634354493,0.0,0.0,0.0,-15.822556824495926,-15.822556824495926,27 days 00:00:00,27 days 00:00:00,12,50.0,1.9999980926513672,-7.763822265291487,-1.4073692269840343,3 days,1 days,0.27388541824492874,-1.3615117626659132,-1.5168553477708384,"SIDEMOMENTUM(multiplier1=100,multiplier2=100,atr_var=7,dema_var=40)","                  Equity  DrawdownPct DrawdownDuration
Date                                                  
2004-01-27  10000.000000     0.000000              NaT
2004-01-28  10000.000000     0.000000              NaT
2004-01-29  10000.000000     0.000000              NaT
2004-01-30  10000.000000     0.000000              NaT
2004-02-02  10000.000000     0.000000              NaT
...                  ...          ...              ...
2004-06-08   9398.309726     0.062639              NaT
2004-06-09   9101.934177     0.092199              NaT
2004-06-10   8583.046802     0.143951              NaT
2004-06-11   8439.925233     0.158226              NaT
2004-06-14   8439.925233     0.158226          27 days

[100 rows x 3 columns]","    Size  EntryBar  ExitBar  ...  EntryTime   ExitTime  Duration
0   -124        80       81  ... 2004-05-18 2004-05-19    1 days
1   -116        89       90  ... 2004-05-31 2004-06-01    1 days
2   -107        90       91  ... 2004-06-01 2004-06-02    1 days
3   -108        91       92  ... 2004-06-02 2004-06-03    1 days
4   -108        92       93  ... 2004-06-03 2004-06-04    1 days
5   -110        93       94  ... 2004-06-04 2004-06-07    3 days
6   -113        94       95  ... 2004-06-07 2004-06-08    1 days
7   -118        95       96  ... 2004-06-08 2004-06-09    1 days
8   -121        96       97  ... 2004-06-09 2004-06-10    1 days
9   -110        97       97  ... 2004-06-10 2004-06-10    0 days
10   -94        98       98  ... 2004-06-11 2004-06-11    0 days
11   -90        99       99  ... 2004-06-14 2004-06-14    0 days

[12 rows x 10 columns]"
1,2004-06-15,2004-11-02,140 days,12.0,9775.951226521704,10000.0,-2.240487734782964,66.98343429400649,-5.550264530991845,7.5931420711525215,0.0,0.0,0.0,-5.594940554607186,-5.594940554607186,27 days 00:00:00,27 days 00:00:00,12,33.33333333333333,1.7391304347826098,-1.9908746780677333,-0.19005206511872874,3 days,1 days,0.6226787699885682,-0.1844773362894107,-0.6029161831953099,"SIDEMOMENTUM(multiplier1=100,multiplier2=100,atr_var=7,dema_var=40)","                  Equity  DrawdownPct DrawdownDuration
Date                                                  
2004-06-15  10000.000000     0.000000              NaT
2004-06-16  10000.000000     0.000000              NaT
2004-06-17  10000.000000     0.000000              NaT
2004-06-18  10000.000000     0.000000              NaT
2004-06-21  10000.000000     0.000000              NaT
...                  ...          ...              ...
2004-10-27   9766.555477     0.023344              NaT
2004-10-28   9610.951227     0.038905              NaT
2004-10-29   9610.951227     0.038905              NaT
2004-11-01   9440.505945     0.055949              NaT
2004-11-02   9775.951227     0.022405          27 days

[100 rows x 3 columns]","    Size  EntryBar  ExitBar  ...  EntryTime   ExitTime  Duration
0    -73        82       83  ... 2004-10-07 2004-10-08    1 days
1    -70        85       85  ... 2004-10-12 2004-10-12    0 days
2    -71        86       86  ... 2004-10-14 2004-10-14    0 days
3    -68        91       92  ... 2004-10-21 2004-10-22    1 days
4    -69        92       93  ... 2004-10-22 2004-10-25    3 days
5    -70        93       94  ... 2004-10-25 2004-10-26    1 days
6    -71        94       94  ... 2004-10-26 2004-10-26    0 days
7    -68        95       96  ... 2004-10-27 2004-10-28    1 days
8    -67        96       96  ... 2004-10-28 2004-10-28    0 days
9    -66        98       99  ... 2004-11-01 2004-11-02    1 days
10   -69        99       99  ... 2004-11-02 2004-11-02    0 days
11   -69        99       99  ... 2004-11-02 2004-11-02    0 days

[12 rows x 10 columns]"
2,2004-11-03,2005-03-24,141 days,7.000000000000001,9941.243831923852,10000.0,-0.5875616807614824,17.7978252952716,-1.4740503534058758,5.588769256554939,0.0,0.0,0.0,-3.3011480489042677,-3.3011480489042677,27 days 00:00:00,27 days 00:00:00,5,40.0,2.811278288674224,-2.583711245272302,-0.12478952988620451,4 days,2 days,0.8536232054377229,-0.10888500379408583,-0.13537109976089595,"SIDEMOMENTUM(multiplier1=100,multiplier2=100,atr_var=7,dema_var=40)","                  Equity  DrawdownPct DrawdownDuration
Date                                                  
2004-11-03  10000.000000     0.000000              NaT
2004-11-04  10000.000000     0.000000              NaT
2004-11-05  10000.000000     0.000000              NaT
2004-11-08  10000.000000     0.000000              NaT
2004-11-09  10000.000000     0.000000              NaT
...                  ...          ...              ...
2005-03-18   9669.885195     0.033011              NaT
2005-03-21   9669.885195     0.033011              NaT
2005-03-22   9669.885195     0.033011              NaT
2005-03-23   9669.885195     0.033011              NaT
2005-03-24   9941.243832     0.005876          27 days

[100 rows x 3 columns]","   Size  EntryBar  ExitBar  ...  EntryTime   ExitTime  Duration
0   -58        81       82  ... 2005-02-28 2005-03-01    1 days
1   -57        83       84  ... 2005-03-02 2005-03-03    1 days
2   -57        84       86  ... 2005-03-03 2005-03-07    4 days
3   -54        99       99  ... 2005-03-24 2005-03-24    0 days
4   -55        99       99  ... 2005-03-24 2005-03-24    0 days

[5 rows x 10 columns]"
3,2005-03-28,2005-08-16,141 days,6.0,0.0,10424.109924316406,-100.0,-8.858084146631304,0.0,411.0937922185401,0.0,0.0,0.0,-100.0,-50.15057954240978,21 days 00:00:00,13 days 00:00:00,5,60.0,2.725208175624527,-103.08300395256916,0.0,3 days,2 days,0.04977401550526,-19.761987732070104,-0.9498608763275488,"SIDEMOMENTUM(multiplier1=100,multiplier2=100,atr_var=7,dema_var=40)","             Equity  DrawdownPct DrawdownDuration
Date                                             
2005-03-28  10000.0          0.0              NaT
2005-03-29  10000.0          0.0              NaT
2005-03-30  10000.0          0.0              NaT
2005-03-31  10000.0          0.0              NaT
2005-04-01  10000.0          0.0              NaT
...             ...          ...              ...
2005-08-09      0.0          1.0              NaT
2005-08-10      0.0          1.0              NaT
2005-08-11      0.0          1.0              NaT
2005-08-12      0.0          1.0              NaT
2005-08-16      0.0          1.0          21 days

[100 rows x 3 columns]","   Size  EntryBar  ExitBar  ...  EntryTime   ExitTime  Duration
0   -60        82       83  ... 2005-07-21 2005-07-22    1 days
1   -63        83       84  ... 2005-07-22 2005-07-25    3 days
2   -62        84       85  ... 2005-07-25 2005-07-26    1 days
3   -63        85       86  ... 2005-07-26 2005-07-27    1 days
4   -65        86       87  ... 2005-07-27 2005-07-28    1 days

[5 rows x 10 columns]"
4,2005-08-17,2006-01-10,146 days,7.000000000000001,9774.766311944857,10000.0,-2.252336880551429,28.737026694024337,-5.579110776515406,5.874732121294427,0.0,0.0,0.0,-4.345513760434239,-4.345513760434239,15 days 00:00:00,15 days 00:00:00,5,40.0,1.1788390429412487,-2.410322099972406,-0.658256066609253,5 days,2 days,0.31061833350417034,-0.6477549572698549,-0.9213432788062655,"SIDEMOMENTUM(multiplier1=100,multiplier2=100,atr_var=7,dema_var=40)","                  Equity  DrawdownPct DrawdownDuration
Date                                                  
2005-08-17  10000.000000     0.000000              NaT
2005-08-18  10000.000000     0.000000              NaT
2005-08-19  10000.000000     0.000000              NaT
2005-08-22  10000.000000     0.000000              NaT
2005-08-23  10000.000000     0.000000              NaT
...                  ...          ...              ...
2006-01-04   9565.448624     0.043455              NaT
2006-01-05   9565.448624     0.043455              NaT
2006-01-06   9565.448624     0.043455              NaT
2006-01-09   9682.049027     0.031795              NaT
2006-01-10   9774.766312     0.022523          15 days

[100 rows x 3 columns]","   Size  EntryBar  ExitBar  ...  EntryTime   ExitTime  Duration
0   -48        89       89  ... 2005-12-27 2005-12-27    0 days
1   -46        91       94  ... 2005-12-29 2006-01-03    5 days
2   -46        94       94  ... 2006-01-03 2006-01-03    0 days
3   -44        98       99  ... 2006-01-09 2006-01-10    1 days
4   -45        99       99  ... 2006-01-10 2006-01-10    0 days

[5 rows x 10 columns]"
5,2006-01-12,2006-06-09,148 days,20.0,12196.548641566895,12351.903744105957,21.96548641566895,-0.151754619482968,64.93663100574581,40.95637063679041,1.585507455765974,4.640494131249408,11.28945131399407,-5.751974050789544,-4.277670668876432,7 days 00:00:00,5 days 00:00:00,20,65.0,6.032875374571923,-6.37471878678908,0.9935405336443326,3 days,1 days,2.066438493167617,1.052118182830838,1.2552446685233605,"SIDEMOMENTUM(multiplier1=100,multiplier2=100,atr_var=7,dema_var=40)","                  Equity  DrawdownPct DrawdownDuration
Date                                                  
2006-01-12  10000.000000     0.000000              NaT
2006-01-13  10000.000000     0.000000              NaT
2006-01-16  10000.000000     0.000000              NaT
2006-01-17  10000.000000     0.000000              NaT
2006-01-18  10000.000000     0.000000              NaT
...                  ...          ...              ...
2006-06-05  11585.929043     0.034399              NaT
2006-06-06  11701.266247     0.024787              NaT
2006-06-07  11962.979153     0.002975              NaT
2006-06-08  12351.903744     0.000000           7 days
2006-06-09  12196.548642     0.012577              NaT

[100 rows x 3 columns]","    Size  EntryBar  ExitBar  ...  EntryTime   ExitTime  Duration
0    -40        80       80  ... 2006-05-15 2006-05-15    0 days
1    -41        81       82  ... 2006-05-16 2006-05-17    1 days
2    -40        82       83  ... 2006-05-17 2006-05-18    1 days
3    -40        83       83  ... 2006-05-18 2006-05-18    0 days
4    -41        84       84  ... 2006-05-19 2006-05-19    0 days
5    -44        85       85  ... 2006-05-22 2006-05-22    0 days
6    -49        86       86  ... 2006-05-23 2006-05-23    0 days
7    -46        87       88  ... 2006-05-24 2006-05-25    1 days
8    -50        88       88  ... 2006-05-25 2006-05-25    0 days
9    -44        89       90  ... 2006-05-26 2006-05-29    3 days
10   -46        90       91  ... 2006-05-29 2006-05-30    1 days
11   -46        91       92  ... 2006-05-30 2006-05-31    1 days
12   -47        92       92  ... 2006-05-31 2006-05-31    0 days
13   -49        93       94  ... 2006-06-01 2006-06-02    1 days
14   -55        94       95  ... 2006-06-02 2006-06-05    3 days
15   -50        95       96  ... 2006-06-05 2006-06-06    1 days
16   -53        96       97  ... 2006-06-06 2006-06-07    1 days
17   -50        97       98  ... 2006-06-07 2006-06-08    1 days
18   -54        98       99  ... 2006-06-08 2006-06-09    1 days
19   -58        99       99  ... 2006-06-09 2006-06-09    0 days

[20 rows x 10 columns]"
6,2006-06-12,2006-11-02,143 days,0.0,10089.549560546875,10089.549560546875,0.0,31.81308335472422,0.0,0.0,,,,-0.0,,,,0,,,,,,,,,,"SIDEMOMENTUM(multiplier1=100,multiplier2=100,atr_var=7,dema_var=50)","                  Equity  DrawdownPct  DrawdownDuration
Date                                                   
2006-06-12  10089.549561          0.0               NaN
2006-06-13  10089.549561          0.0               NaN
2006-06-14  10089.549561          0.0               NaN
2006-06-15  10089.549561          0.0               NaN
2006-06-16  10089.549561          0.0               NaN
...                  ...          ...               ...
2006-10-27  10089.549561          0.0               NaN
2006-10-30  10089.549561          0.0               NaN
2006-10-31  10089.549561          0.0               NaN
2006-11-01  10089.549561          0.0               NaN
2006-11-02  10089.549561          0.0               NaN

[100 rows x 3 columns]","Empty DataFrame
Columns: [Size, EntryBar, ExitBar, EntryPrice, ExitPrice, PnL, ReturnPct, EntryTime, ExitTime, Duration]
Index: []"
7,2006-11-03,2007-03-30,147 days,18.0,9706.745247392277,10642.538923534972,-2.932547526077233,15.642722906613319,-7.226155902193209,15.948576368888515,0.0,0.0,0.0,-9.814797800107499,-9.814797800107499,23 days 00:00:00,23 days 00:00:00,15,40.0,4.450136700638185,-5.215044437084382,-0.27014858551852594,3 days,1 days,0.7912257412116462,-0.23512584205294712,-0.3812438560449187,"SIDEMOMENTUM(multiplier1=100,multiplier2=100,atr_var=14,dema_var=40)","                  Equity  DrawdownPct DrawdownDuration
Date                                                  
2006-11-03  10000.000000     0.000000              NaT
2006-11-06  10000.000000     0.000000              NaT
2006-11-07  10000.000000     0.000000              NaT
2006-11-08  10000.000000     0.000000              NaT
2006-11-09  10000.000000     0.000000              NaT
...                  ...          ...              ...
2007-03-23   9701.189375     0.088452              NaT
2007-03-26   9701.189375     0.088452              NaT
2007-03-28  10125.031528     0.048626              NaT
2007-03-29   9597.995247     0.098148              NaT
2007-03-30   9706.745247     0.087930          23 days

[100 rows x 3 columns]","    Size  EntryBar  ExitBar  ...  EntryTime   ExitTime  Duration
0    -31        80       80  ... 2007-03-02 2007-03-02    0 days
1    -34        81       81  ... 2007-03-05 2007-03-05    0 days
2    -34        82       82  ... 2007-03-06 2007-03-06    0 days
3    -35        83       84  ... 2007-03-07 2007-03-08    1 days
4    -35        84       85  ... 2007-03-08 2007-03-09    1 days
5    -33        85       86  ... 2007-03-09 2007-03-12    3 days
6    -33        86       87  ... 2007-03-12 2007-03-13    1 days
7    -33        87       89  ... 2007-03-13 2007-03-15    2 days
8    -33        89       90  ... 2007-03-15 2007-03-16    1 days
9    -32        90       91  ... 2007-03-16 2007-03-19    3 days
10   -34        91       93  ... 2007-03-19 2007-03-21    2 days
11   -31        93       94  ... 2007-03-21 2007-03-22    1 days
12   -30        97       97  ... 2007-03-28 2007-03-28    0 days
13   -34        98       98  ... 2007-03-29 2007-03-29    0 days
14   -30        99       99  ... 2007-03-30 2007-03-30    0 days

[15 rows x 10 columns]"
8,2007-04-02,2007-08-23,143 days,12.0,10907.589717715275,10907.589717715275,9.075897177152745,-15.245537689364506,24.473402299445347,17.78496679852087,1.3760724198529704,3.8108170166173605,5.048067060976731,-4.848073926876495,-1.9576353389976098,19 days 00:00:00,8 days 00:00:00,11,45.45454545454545,5.798444456683061,-3.3150682978533297,0.6024655411108082,3 days,1 days,1.8885317255441303,0.6353429389586617,0.7312304228950626,"SIDEMOMENTUM(multiplier1=100,multiplier2=100,atr_var=14,dema_var=40)","                  Equity  DrawdownPct DrawdownDuration
Date                                                  
2007-04-02  10000.000000     0.000000              NaT
2007-04-03  10000.000000     0.000000              NaT
2007-04-04  10000.000000     0.000000              NaT
2007-04-05  10000.000000     0.000000              NaT
2007-04-09  10000.000000     0.000000              NaT
...                  ...          ...              ...
2007-08-17  10338.329760     0.014191              NaT
2007-08-20  10209.177613     0.026506              NaT
2007-08-21  10786.564968     0.000000          19 days
2007-08-22  10724.614712     0.005743              NaT
2007-08-23  10907.589718     0.000000           2 days

[100 rows x 3 columns]","    Size  EntryBar  ExitBar  ...  EntryTime   ExitTime  Duration
0    -34        83       85  ... 2007-07-31 2007-08-02    2 days
1    -36        85       86  ... 2007-08-02 2007-08-03    1 days
2    -37        86       87  ... 2007-08-03 2007-08-06    3 days
3    -38        87       88  ... 2007-08-06 2007-08-07    1 days
4    -37        88       89  ... 2007-08-07 2007-08-08    1 days
5    -34        89       89  ... 2007-08-08 2007-08-08    0 days
6    -36        95       95  ... 2007-08-17 2007-08-17    0 days
7    -38        96       96  ... 2007-08-20 2007-08-20    0 days
8    -37        97       97  ... 2007-08-21 2007-08-21    0 days
9    -42        98       99  ... 2007-08-22 2007-08-23    1 days
10   -41        99       99  ... 2007-08-23 2007-08-23    0 days

[11 rows x 10 columns]"
9,2007-08-24,2008-01-16,145 days,12.0,10252.266763229989,10305.479394455575,2.52266763229989,-7.212294819934906,6.47953426274317,13.404726940903105,0.48337681858863957,0.8371074359684083,0.9204701441309117,-7.039374719601588,-7.039374719601588,27 days 00:00:00,27 days 00:00:00,10,50.0,3.480694960777986,-7.13426038269136,0.31299154561661435,5 days,2 days,1.3990649325041482,0.3578070915697573,0.3191934062778977,"SIDEMOMENTUM(multiplier1=200,multiplier2=100,atr_var=7,dema_var=40)","                  Equity  DrawdownPct DrawdownDuration
Date                                                  
2007-08-24  10000.000000     0.000000              NaT
2007-08-27  10000.000000     0.000000              NaT
2007-08-28  10000.000000     0.000000              NaT
2007-08-29  10000.000000     0.000000              NaT
2007-08-30  10000.000000     0.000000              NaT
...                  ...          ...              ...
2008-01-10   9718.629510     0.028137              NaT
2008-01-11   9718.629510     0.028137              NaT
2008-01-14  10085.804163     0.000000          27 days
2008-01-15  10305.479394     0.000000              NaT
2008-01-16  10252.266763     0.005164              NaT

[100 rows x 3 columns]","   Size  EntryBar  ExitBar  ...  EntryTime   ExitTime  Duration
0   -39        81       83  ... 2007-12-19 2007-12-24    5 days
1   -36        91       92  ... 2008-01-04 2008-01-07    3 days
2   -37        92       93  ... 2008-01-07 2008-01-08    1 days
3   -39        93       94  ... 2008-01-08 2008-01-09    1 days
4   -37        94       95  ... 2008-01-09 2008-01-10    1 days
5   -37        95       95  ... 2008-01-10 2008-01-10    0 days
6   -42        96       96  ... 2008-01-11 2008-01-11    0 days
7   -38        97       98  ... 2008-01-14 2008-01-15    1 days
8   -41        98       99  ... 2008-01-15 2008-01-16    1 days
9   -43        99       99  ... 2008-01-16 2008-01-16    0 days

[10 rows x 10 columns]"
10,2008-01-17,2008-06-13,148 days,11.0,9885.13055602274,10231.28027526102,-1.1486944397726075,-1.4197503465681567,-2.8694893310072467,16.140732682509825,0.0,0.0,0.0,-8.769696026686669,-6.07647266795896,18 days 00:00:00,11 days 00:00:00,10,40.0,8.863636363636363,-6.521739130434789,0.23455881162495196,3 days,1 days,1.2530757786269378,0.30746785985117153,0.18944245544315155,"SIDEMOMENTUM(multiplier1=100,multiplier2=100,atr_var=14,dema_var=40)","                  Equity  DrawdownPct DrawdownDuration
Date                                                  
2008-01-17  10000.000000     0.000000              NaT
2008-01-18  10000.000000     0.000000              NaT
2008-01-21  10000.000000     0.000000              NaT
2008-01-22  10000.000000     0.000000              NaT
2008-01-23  10000.000000     0.000000              NaT
...                  ...          ...              ...
2008-06-09   9898.030275     0.010197              NaT
2008-06-10  10231.280275     0.000000          18 days
2008-06-11  10109.093050     0.011943              NaT
2008-06-12  10132.717775     0.009633              NaT
2008-06-13   9885.130556     0.033832           3 days

[100 rows x 3 columns]","   Size  EntryBar  ExitBar  ...  EntryTime   ExitTime  Duration
0   -43        85       86  ... 2008-05-26 2008-05-27    1 days
1   -38        86       87  ... 2008-05-27 2008-05-28    1 days
2   -36        92       93  ... 2008-06-04 2008-06-05    1 days
3   -38        93       94  ... 2008-06-05 2008-06-06    1 days
4   -36        94       95  ... 2008-06-06 2008-06-09    3 days
5   -43        95       95  ... 2008-06-09 2008-06-09    0 days
6   -43        96       97  ... 2008-06-10 2008-06-11    1 days
7   -45        97       98  ... 2008-06-11 2008-06-12    1 days
8   -45        98       99  ... 2008-06-12 2008-06-13    1 days
9   -46        99       99  ... 2008-06-13 2008-06-13    0 days

[10 rows x 10 columns]"
11,2008-06-16,2008-11-10,147 days,0.0,10000.0,10000.0,0.0,-40.00329166327973,0.0,0.0,,,,-0.0,,,,0,,,,,,,,,,"SIDEMOMENTUM(multiplier1=100,multiplier2=100,atr_var=14,dema_var=50)","             Equity  DrawdownPct  DrawdownDuration
Date                                              
2008-06-16  10000.0          0.0               NaN
2008-06-17  10000.0          0.0               NaN
2008-06-18  10000.0          0.0               NaN
2008-06-19  10000.0          0.0               NaN
2008-06-20  10000.0          0.0               NaN
...             ...          ...               ...
2008-11-04  10000.0          0.0               NaN
2008-11-05  10000.0          0.0               NaN
2008-11-06  10000.0          0.0               NaN
2008-11-07  10000.0          0.0               NaN
2008-11-10  10000.0          0.0               NaN

[100 rows x 3 columns]","Empty DataFrame
Columns: [Size, EntryBar, ExitBar, EntryPrice, ExitPrice, PnL, ReturnPct, EntryTime, ExitTime, Duration]
Index: []"
12,2008-11-11,2009-04-16,156 days,0.0,10000.0,10000.0,0.0,8.16867054955764,0.0,0.0,,,,-0.0,,,,0,,,,,,,,,,"SIDEMOMENTUM(multiplier1=100,multiplier2=100,atr_var=14,dema_var=50)","             Equity  DrawdownPct  DrawdownDuration
Date                                              
2008-11-11  10000.0          0.0               NaN
2008-11-12  10000.0          0.0               NaN
2008-11-14  10000.0          0.0               NaN
2008-11-17  10000.0          0.0               NaN
2008-11-18  10000.0          0.0               NaN
...             ...          ...               ...
2009-04-08  10000.0          0.0               NaN
2009-04-09  10000.0          0.0               NaN
2009-04-13  10000.0          0.0               NaN
2009-04-15  10000.0          0.0               NaN
2009-04-16  10000.0          0.0               NaN

[100 rows x 3 columns]","Empty DataFrame
Columns: [Size, EntryBar, ExitBar, EntryPrice, ExitPrice, PnL, ReturnPct, EntryTime, ExitTime, Duration]
Index: []"
13,2009-04-17,2009-09-04,140 days,16.0,9349.489701013545,10351.499522807908,-6.505102989864555,85.62207191520042,-15.591627418922172,9.577928611541294,0.0,0.0,0.0,-10.072057102363651,-6.64165929407588,16 days 00:00:00,13 days 00:00:00,16,37.5,2.61682242990654,-4.176785468719646,-0.5184358035064673,3 days,2 days,0.5657406755852942,-0.49552810944834613,-0.926640107125382,"SIDEMOMENTUM(multiplier1=100,multiplier2=100,atr_var=14,dema_var=40)","                  Equity  DrawdownPct DrawdownDuration
Date                                                  
2009-04-17  10000.000000     0.000000              NaT
2009-04-20  10000.000000     0.000000              NaT
2009-04-21  10000.000000     0.000000              NaT
2009-04-22  10000.000000     0.000000              NaT
2009-04-23  10000.000000     0.000000              NaT
...                  ...          ...              ...
2009-08-31   9454.815354     0.086624              NaT
2009-09-01   9453.389725     0.086761              NaT
2009-09-02   9308.890580     0.100721              NaT
2009-09-03   9319.739701     0.099672              NaT
2009-09-04   9349.489701     0.096799          16 days

[100 rows x 3 columns]","    Size  EntryBar  ExitBar  ...  EntryTime   ExitTime  Duration
0    -38        80       80  ... 2009-08-10 2009-08-10    0 days
1    -36        83       84  ... 2009-08-13 2009-08-14    1 days
2    -36        84       85  ... 2009-08-14 2009-08-17    3 days
3    -38        85       86  ... 2009-08-17 2009-08-18    1 days
4    -40        86       87  ... 2009-08-18 2009-08-19    1 days
5    -39        87       88  ... 2009-08-19 2009-08-20    1 days
6    -40        88       89  ... 2009-08-20 2009-08-21    1 days
7    -40        89       90  ... 2009-08-21 2009-08-24    3 days
8    -38        90       91  ... 2009-08-24 2009-08-25    1 days
9    -38        91       92  ... 2009-08-25 2009-08-26    1 days
10   -37        92       92  ... 2009-08-26 2009-08-26    0 days
11   -35        95       96  ... 2009-08-31 2009-09-01    1 days
12   -34        96       97  ... 2009-09-01 2009-09-02    1 days
13   -36        97       98  ... 2009-09-02 2009-09-03    1 days
14   -34        98       99  ... 2009-09-03 2009-09-04    1 days
15   -34        99       99  ... 2009-09-04 2009-09-04    0 days

[16 rows x 10 columns]"
14,2009-09-07,2010-02-04,150 days,13.0,10586.77975611664,10781.198989664792,5.867797561166408,34.077501740656814,15.452933761152575,14.218878074414187,1.0867899478622705,1.9297457283195494,4.063501621862118,-3.802861472483232,-3.3416197466713484,21 days 00:00:00,14 days 00:00:00,13,61.53846153846154,2.4722510500029493,-3.8504056017665267,0.3065682358985633,3 days,1 days,1.564248327895864,0.3228790802020073,0.5649242384769823,"SIDEMOMENTUM(multiplier1=100,multiplier2=100,atr_var=7,dema_var=40)","                  Equity  DrawdownPct DrawdownDuration
Date                                                  
2009-09-07  10000.000000     0.000000              NaT
2009-09-08  10000.000000     0.000000              NaT
2009-09-09  10000.000000     0.000000              NaT
2009-09-10  10000.000000     0.000000              NaT
2009-09-11  10000.000000     0.000000              NaT
...                  ...          ...              ...
2010-01-29  10781.198990     0.000000          21 days
2010-02-01  10371.204927     0.038029              NaT
2010-02-02  10595.304597     0.017242              NaT
2010-02-03  10394.404756     0.035877              NaT
2010-02-04  10586.779756     0.018033           6 days

[100 rows x 3 columns]","    Size  EntryBar  ExitBar  ...  EntryTime   ExitTime  Duration
0    -27        80       80  ... 2010-01-07 2010-01-07    0 days
1    -28        81       82  ... 2010-01-08 2010-01-11    3 days
2    -29        82       82  ... 2010-01-11 2010-01-11    0 days
3    -27        83       83  ... 2010-01-12 2010-01-12    0 days
4    -26        91       92  ... 2010-01-22 2010-01-25    3 days
5    -26        92       93  ... 2010-01-25 2010-01-27    2 days
6    -27        93       94  ... 2010-01-27 2010-01-28    1 days
7    -27        94       95  ... 2010-01-28 2010-01-29    1 days
8    -28        95       95  ... 2010-01-29 2010-01-29    0 days
9    -29        96       96  ... 2010-02-01 2010-02-01    0 days
10   -27        97       98  ... 2010-02-02 2010-02-03    1 days
11   -28        98       99  ... 2010-02-03 2010-02-04    1 days
12   -27        99       99  ... 2010-02-04 2010-02-04    0 days

[13 rows x 10 columns]"
15,2010-02-05,2010-07-01,146 days,6.0,10118.615301694235,10118.615301694235,1.186153016942353,1.1748445058742225,3.016107003589008,9.813137359479455,0.3073539983291337,0.5753081386638685,0.5936637905276729,-5.080496826171876,-5.080496826171876,22 days 00:00:00,22 days 00:00:00,4,75.0,2.221759832655179,-4.356162711365585,-0.28522750705073374,2 days,1 days,0.7664746213191226,-0.25431863669179156,-0.2083056352258828,"SIDEMOMENTUM(multiplier1=100,multiplier2=100,atr_var=7,dema_var=40)","                  Equity  DrawdownPct DrawdownDuration
Date                                                  
2010-02-05  10000.000000     0.000000              NaT
2010-02-08  10000.000000     0.000000              NaT
2010-02-09  10000.000000     0.000000              NaT
2010-02-10  10000.000000     0.000000              NaT
2010-02-11  10000.000000     0.000000              NaT
...                  ...          ...              ...
2010-06-25   9570.700165     0.042930              NaT
2010-06-28   9491.950317     0.050805              NaT
2010-06-29   9628.825470     0.037117              NaT
2010-06-30   9663.825317     0.033617              NaT
2010-07-01  10118.615302     0.000000          22 days

[100 rows x 3 columns]","   Size  EntryBar  ExitBar  ...  EntryTime   ExitTime  Duration
0   -27        84       85  ... 2010-06-10 2010-06-11    1 days
1   -25        96       98  ... 2010-06-28 2010-06-30    2 days
2   -25        98       99  ... 2010-06-30 2010-07-01    1 days
3   -25        99       99  ... 2010-07-01 2010-07-01    0 days

[4 rows x 10 columns]"
16,2010-07-02,2010-11-23,144 days,7.000000000000001,10273.18727569547,10415.662739562658,2.731872756954708,38.48481658147483,7.0279278153985825,6.836090126758351,1.0280624867553056,1.8387821784989664,3.168857283457269,-2.217811402263914,-1.5617336772172252,4 days 00:00:00,4 days 00:00:00,7,28.57142857142857,2.8183301625697377,-1.7716535433070835,0.3373064516119406,3 days,2 days,1.8434925273764846,0.3494589724673964,0.533511900810959,"SIDEMOMENTUM(multiplier1=100,multiplier2=100,atr_var=7,dema_var=40)","                  Equity  DrawdownPct DrawdownDuration
Date                                                  
2010-07-02  10000.000000     0.000000              NaT
2010-07-05  10000.000000     0.000000              NaT
2010-07-06  10000.000000     0.000000              NaT
2010-07-07  10000.000000     0.000000              NaT
2010-07-08  10000.000000     0.000000              NaT
...                  ...          ...              ...
2010-11-16  10099.899780     0.000000           4 days
2010-11-18  10154.799561     0.000000              NaT
2010-11-19  10415.662740     0.000000              NaT
2010-11-22  10184.662984     0.022178              NaT
2010-11-23  10273.187276     0.013679           4 days

[100 rows x 3 columns]","   Size  EntryBar  ExitBar  ...  EntryTime   ExitTime  Duration
0   -18        93       94  ... 2010-11-12 2010-11-15    3 days
1   -18        94       95  ... 2010-11-15 2010-11-16    1 days
2   -18        95       96  ... 2010-11-16 2010-11-18    2 days
3   -18        96       97  ... 2010-11-18 2010-11-19    1 days
4   -19        97       97  ... 2010-11-19 2010-11-19    0 days
5   -20        98       99  ... 2010-11-22 2010-11-23    1 days
6   -19        99       99  ... 2010-11-23 2010-11-23    0 days

[7 rows x 10 columns]"
17,2010-11-24,2011-04-19,146 days,5.0,9809.767513826671,10247.675231933594,-1.9023248617332864,15.919378071348595,-4.724779688560499,5.600284440062523,0.0,0.0,0.0,-4.273239619678071,-4.273239619678071,27 days 00:00:00,27 days 00:00:00,5,40.0,1.5025217053653228,-2.0038595871331166,-0.030441609521725255,1 days,1 days,0.9401254103619461,-0.023996054094375108,-0.06818784972580856,"SIDEMOMENTUM(multiplier1=100,multiplier2=100,atr_var=7,dema_var=40)","                  Equity  DrawdownPct DrawdownDuration
Date                                                  
2010-11-24  10000.000000     0.000000              NaT
2010-11-25  10000.000000     0.000000              NaT
2010-11-26  10000.000000     0.000000              NaT
2010-11-29  10000.000000     0.000000              NaT
2010-11-30  10000.000000     0.000000              NaT
...                  ...          ...              ...
2011-04-11   9980.617306     0.026060              NaT
2011-04-13   9980.617306     0.026060              NaT
2011-04-15   9980.617306     0.026060              NaT
2011-04-18   9980.617306     0.026060              NaT
2011-04-19   9809.767514     0.042732          27 days

[100 rows x 3 columns]","   Size  EntryBar  ExitBar  ...  EntryTime   ExitTime  Duration
0   -18        80       81  ... 2011-03-21 2011-03-22    1 days
1   -18        81       82  ... 2011-03-22 2011-03-23    1 days
2   -19        82       83  ... 2011-03-23 2011-03-24    1 days
3   -19        83       83  ... 2011-03-24 2011-03-24    0 days
4   -17        99       99  ... 2011-04-19 2011-04-19    0 days

[5 rows x 10 columns]"
18,2011-04-20,2011-09-12,145 days,12.0,10293.017313342605,10733.149757902896,2.9301731334260515,-19.118728834016622,7.54930599329493,15.479876537423767,0.487685155307532,0.7247770489799162,1.3895273623022462,-5.433002759144534,-4.382962024100973,21 days 00:00:00,14 days 00:00:00,12,50.0,4.997636079245349,-4.120791739071361,0.1516335287847781,3 days,1 days,1.174412615753682,0.18958481258944115,0.1508779685672288,"SIDEMOMENTUM(multiplier1=100,multiplier2=100,atr_var=7,dema_var=40)","                  Equity  DrawdownPct DrawdownDuration
Date                                                  
2011-04-20  10000.000000     0.000000              NaT
2011-04-21  10000.000000     0.000000              NaT
2011-04-25  10000.000000     0.000000              NaT
2011-04-26  10000.000000     0.000000              NaT
2011-04-27  10000.000000     0.000000              NaT
...                  ...          ...              ...
2011-09-06  10150.017435     0.054330              NaT
2011-09-07  10150.017435     0.054330              NaT
2011-09-08  10150.017435     0.054330              NaT
2011-09-09  10150.017435     0.054330              NaT
2011-09-12  10293.017313     0.041007          21 days

[100 rows x 3 columns]","    Size  EntryBar  ExitBar  ...  EntryTime   ExitTime  Duration
0    -20        80       81  ... 2011-08-11 2011-08-12    1 days
1    -19        81       81  ... 2011-08-12 2011-08-12    0 days
2    -21        82       83  ... 2011-08-16 2011-08-17    1 days
3    -21        83       84  ... 2011-08-17 2011-08-18    1 days
4    -19        84       84  ... 2011-08-18 2011-08-18    0 days
5    -22        85       85  ... 2011-08-19 2011-08-19    0 days
6    -22        86       87  ... 2011-08-22 2011-08-23    1 days
7    -23        87       87  ... 2011-08-23 2011-08-23    0 days
8    -20        88       89  ... 2011-08-24 2011-08-25    1 days
9    -21        89       90  ... 2011-08-25 2011-08-26    1 days
10   -22        90       91  ... 2011-08-26 2011-08-29    3 days
11   -21        91       91  ... 2011-08-29 2011-08-29    0 days

[12 rows x 10 columns]"
19,2011-09-13,2012-02-08,148 days,16.0,10000.149104932023,10594.525992410903,0.0014910493202296492,22.73207792845912,0.0037574868655410043,8.836497356101596,0.00042522356020923405,0.000685171820250574,0.0006697567335091115,-5.6102263367388545,-3.8900572605324757,20 days 00:00:00,13 days 00:00:00,14,42.857142857142854,3.5628202111111174,-3.3118103703009716,0.00858310796894024,3 days,2 days,1.0372900101099962,0.02393785631168829,0.00022000603203134328,"SIDEMOMENTUM(multiplier1=100,multiplier2=100,atr_var=14,dema_var=40)","                  Equity  DrawdownPct DrawdownDuration
Date                                                  
2011-09-13  10000.000000     0.000000              NaT
2011-09-14  10000.000000     0.000000              NaT
2011-09-15  10000.000000     0.000000              NaT
2011-09-16  10000.000000     0.000000              NaT
2011-09-19  10000.000000     0.000000              NaT
...                  ...          ...              ...
2012-02-02  10000.149105     0.056102              NaT
2012-02-03  10000.149105     0.056102              NaT
2012-02-06  10000.149105     0.056102              NaT
2012-02-07  10000.149105     0.056102              NaT
2012-02-08  10000.149105     0.056102          20 days

[100 rows x 3 columns]","    Size  EntryBar  ExitBar  ...  EntryTime   ExitTime  Duration
0    -17        80       80  ... 2012-01-11 2012-01-11    0 days
1    -18        81       81  ... 2012-01-12 2012-01-12    0 days
2    -18        82       83  ... 2012-01-13 2012-01-16    3 days
3    -19        83       84  ... 2012-01-16 2012-01-17    1 days
4    -17        84       85  ... 2012-01-17 2012-01-18    1 days
5    -19        85       85  ... 2012-01-18 2012-01-18    0 days
6    -19        86       87  ... 2012-01-19 2012-01-20    1 days
7    -19        87       88  ... 2012-01-20 2012-01-23    3 days
8    -19        88       89  ... 2012-01-23 2012-01-24    1 days
9    -19        89       90  ... 2012-01-24 2012-01-25    1 days
10   -19        90       91  ... 2012-01-25 2012-01-27    2 days
11   -18        91       92  ... 2012-01-27 2012-01-30    3 days
12   -18        92       93  ... 2012-01-30 2012-01-31    1 days
13   -18        93       95  ... 2012-01-31 2012-02-02    2 days

[14 rows x 10 columns]"
20,2012-02-09,2012-07-04,146 days,11.0,9446.168260555783,10000.0,-5.538317394442165,1.5668240584832658,-13.374788779450398,4.997870700554894,0.0,0.0,0.0,-5.53831739444216,-5.53831739444216,26 days 00:00:00,26 days 00:00:00,9,33.33333333333333,1.5763945028294257,-2.990091682655893,-0.6069021143382258,3 days,1 days,0.4300432134251367,-0.5943271989179766,-1.0819725419500417,"SIDEMOMENTUM(multiplier1=100,multiplier2=100,atr_var=7,dema_var=40)","                  Equity  DrawdownPct DrawdownDuration
Date                                                  
2012-02-09  10000.000000     0.000000              NaT
2012-02-10  10000.000000     0.000000              NaT
2012-02-13  10000.000000     0.000000              NaT
2012-02-14  10000.000000     0.000000              NaT
2012-02-15  10000.000000     0.000000              NaT
...                  ...          ...              ...
2012-06-28   9587.395612     0.041260              NaT
2012-06-29   9478.793077     0.052121              NaT
2012-07-02   9478.793077     0.052121              NaT
2012-07-03   9478.793077     0.052121              NaT
2012-07-04   9446.168261     0.055383          26 days

[100 rows x 3 columns]","   Size  EntryBar  ExitBar  ...  EntryTime   ExitTime  Duration
0   -16        82       83  ... 2012-06-11 2012-06-12    1 days
1   -16        83       84  ... 2012-06-12 2012-06-13    1 days
2   -15        90       90  ... 2012-06-21 2012-06-21    0 days
3   -16        91       92  ... 2012-06-22 2012-06-25    3 days
4   -15        92       93  ... 2012-06-25 2012-06-26    1 days
5   -16        93       94  ... 2012-06-26 2012-06-27    1 days
6   -15        94       95  ... 2012-06-27 2012-06-28    1 days
7   -15        95       96  ... 2012-06-28 2012-06-29    1 days
8   -15        99       99  ... 2012-07-04 2012-07-04    0 days

[9 rows x 10 columns]"
21,2012-07-05,2012-12-04,152 days,11.0,9901.72988780861,10295.208709733271,-0.9827011219139058,4.74367054200066,-2.4579432530787093,4.505961947880765,0.0,0.0,0.0,-3.8219606131215222,-3.8219606131215222,14 days 00:00:00,14 days 00:00:00,11,36.36363636363637,2.117236957534474,-1.7769328185533784,-0.09526517038791482,3 days,2 days,0.8022101952886789,-0.09002316698925443,-0.2833873597140641,"SIDEMOMENTUM(multiplier1=100,multiplier2=100,atr_var=7,dema_var=40)","                  Equity  DrawdownPct DrawdownDuration
Date                                                  
2012-07-05  10000.000000     0.000000              NaT
2012-07-06  10000.000000     0.000000              NaT
2012-07-09  10000.000000     0.000000              NaT
2012-07-10  10000.000000     0.000000              NaT
2012-07-11  10000.000000     0.000000              NaT
...                  ...          ...              ...
2012-11-27  10122.559479     0.016770              NaT
2012-11-29  10100.809296     0.018883              NaT
2012-11-30   9951.474513     0.033388              NaT
2012-12-03   9951.474513     0.033388              NaT
2012-12-04   9901.729888     0.038220          14 days

[100 rows x 3 columns]","    Size  EntryBar  ExitBar  ...  EntryTime   ExitTime  Duration
0    -15        88       89  ... 2012-11-16 2012-11-19    3 days
1    -15        89       89  ... 2012-11-19 2012-11-19    0 days
2    -16        90       91  ... 2012-11-20 2012-11-21    1 days
3    -16        91       92  ... 2012-11-21 2012-11-22    1 days
4    -15        92       93  ... 2012-11-22 2012-11-23    1 days
5    -15        93       94  ... 2012-11-23 2012-11-26    3 days
6    -15        94       95  ... 2012-11-26 2012-11-27    1 days
7    -15        95       96  ... 2012-11-27 2012-11-29    2 days
8    -15        96       97  ... 2012-11-29 2012-11-30    1 days
9    -15        97       97  ... 2012-11-30 2012-11-30    0 days
10   -15        99       99  ... 2012-12-04 2012-12-04    0 days

[11 rows x 10 columns]"
22,2012-12-05,2013-04-30,146 days,0.0,9927.199829101562,9927.199829101562,0.0,6.202326718989142,0.0,0.0,,,,-0.0,,,,0,,,,,,,,,,"SIDEMOMENTUM(multiplier1=200,multiplier2=100,atr_var=14,dema_var=50)","                 Equity  DrawdownPct  DrawdownDuration
Date                                                  
2012-12-05  9927.199829          0.0               NaN
2012-12-06  9927.199829          0.0               NaN
2012-12-07  9927.199829          0.0               NaN
2012-12-10  9927.199829          0.0               NaN
2012-12-11  9927.199829          0.0               NaN
...                 ...          ...               ...
2013-04-23  9927.199829          0.0               NaN
2013-04-25  9927.199829          0.0               NaN
2013-04-26  9927.199829          0.0               NaN
2013-04-29  9927.199829          0.0               NaN
2013-04-30  9927.199829          0.0               NaN

[100 rows x 3 columns]","Empty DataFrame
Columns: [Size, EntryBar, ExitBar, EntryPrice, ExitPrice, PnL, ReturnPct, EntryTime, ExitTime, Duration]
Index: []"
23,2013-05-02,2013-09-23,144 days,0.0,9974.500122070312,9974.500122070312,0.0,36.348416367790634,0.0,0.0,,,,-0.0,,,,0,,,,,,,,,,"SIDEMOMENTUM(multiplier1=200,multiplier2=100,atr_var=7,dema_var=50)","                 Equity  DrawdownPct  DrawdownDuration
Date                                                  
2013-05-02  9974.500122          0.0               NaN
2013-05-03  9974.500122          0.0               NaN
2013-05-06  9974.500122          0.0               NaN
2013-05-07  9974.500122          0.0               NaN
2013-05-08  9974.500122          0.0               NaN
...                 ...          ...               ...
2013-09-17  9974.500122          0.0               NaN
2013-09-18  9974.500122          0.0               NaN
2013-09-19  9974.500122          0.0               NaN
2013-09-20  9974.500122          0.0               NaN
2013-09-23  9974.500122          0.0               NaN

[100 rows x 3 columns]","Empty DataFrame
Columns: [Size, EntryBar, ExitBar, EntryPrice, ExitPrice, PnL, ReturnPct, EntryTime, ExitTime, Duration]
Index: []"
24,2013-09-24,2014-02-17,146 days,0.0,9975.700439453125,9975.700439453125,0.0,11.647326751417891,0.0,0.0,,,,-0.0,,,,0,,,,,,,,,,"SIDEMOMENTUM(multiplier1=100,multiplier2=100,atr_var=7,dema_var=50)","                 Equity  DrawdownPct  DrawdownDuration
Date                                                  
2013-09-24  9975.700439          0.0               NaN
2013-09-25  9975.700439          0.0               NaN
2013-09-26  9975.700439          0.0               NaN
2013-09-27  9975.700439          0.0               NaN
2013-09-30  9975.700439          0.0               NaN
...                 ...          ...               ...
2014-02-11  9975.700439          0.0               NaN
2014-02-12  9975.700439          0.0               NaN
2014-02-13  9975.700439          0.0               NaN
2014-02-14  9975.700439          0.0               NaN
2014-02-17  9975.700439          0.0               NaN

[100 rows x 3 columns]","Empty DataFrame
Columns: [Size, EntryBar, ExitBar, EntryPrice, ExitPrice, PnL, ReturnPct, EntryTime, ExitTime, Duration]
Index: []"
25,2014-02-18,2014-07-15,147 days,2.0,9808.7998046875,10000.0,-1.912001953125,10.77100871782664,-4.748462544297249,2.0551692970640025,0.0,0.0,0.0,-1.9120019531249977,-1.9120019531249977,5 days 00:00:00,5 days 00:00:00,1,0.0,-2.0160290522195368,-2.0160290522195368,-2.0160290522195368,3 days,3 days,0.0,-2.0160290522195368,,"SIDEMOMENTUM(multiplier1=100,multiplier2=100,atr_var=7,dema_var=40)","                  Equity  DrawdownPct DrawdownDuration
Date                                                  
2014-02-18  10000.000000      0.00000              NaT
2014-02-19  10000.000000      0.00000              NaT
2014-02-20  10000.000000      0.00000              NaT
2014-02-21  10000.000000      0.00000              NaT
2014-02-24  10000.000000      0.00000              NaT
...                  ...          ...              ...
2014-07-09  10000.000000      0.00000              NaT
2014-07-10  10000.000000      0.00000              NaT
2014-07-11   9906.200195      0.00938              NaT
2014-07-14   9808.799805      0.01912              NaT
2014-07-15   9808.799805      0.01912           5 days

[100 rows x 3 columns]","   Size  EntryBar  ExitBar  ...  EntryTime   ExitTime  Duration
0    -8        97       98  ... 2014-07-11 2014-07-14    3 days

[1 rows x 10 columns]"
26,2014-07-16,2014-12-16,153 days,10.0,10182.041949581584,10473.863492977493,1.8204194958158404,1.7153423193261865,4.651125294492742,7.614850378618741,0.6107966753427413,0.9606415696528556,1.6693507565053456,-2.7861881491158313,-1.580747659495707,19 days 00:00:00,19 days 00:00:00,10,60.0,2.690549351056093,-3.104484504211791,0.16768300278258153,1 days,1 days,1.4168708788660676,0.17983050893171315,0.37181271431461166,"SIDEMOMENTUM(multiplier1=100,multiplier2=100,atr_var=7,dema_var=40)","                  Equity  DrawdownPct DrawdownDuration
Date                                                  
2014-07-16  10000.000000     0.000000              NaT
2014-07-17  10000.000000     0.000000              NaT
2014-07-18  10000.000000     0.000000              NaT
2014-07-21  10000.000000     0.000000              NaT
2014-07-22  10000.000000     0.000000              NaT
...                  ...          ...              ...
2014-12-10  10202.228110     0.000000              NaT
2014-12-11  10265.228110     0.000000              NaT
2014-12-12  10473.863493     0.000000              NaT
2014-12-15  10473.863493     0.000000              NaT
2014-12-16  10182.041950     0.027862              NaT

[100 rows x 3 columns]","   Size  EntryBar  ExitBar  ...  EntryTime   ExitTime  Duration
0    -7        80       81  ... 2014-11-19 2014-11-20    1 days
1    -7        81       82  ... 2014-11-20 2014-11-21    1 days
2    -7        93       93  ... 2014-12-08 2014-12-08    0 days
3    -8        94       95  ... 2014-12-09 2014-12-10    1 days
4    -8        95       96  ... 2014-12-10 2014-12-11    1 days
5    -8        96       97  ... 2014-12-11 2014-12-12    1 days
6    -8        97       97  ... 2014-12-12 2014-12-12    0 days
7    -8        98       98  ... 2014-12-15 2014-12-15    0 days
8    -8        99       99  ... 2014-12-16 2014-12-16    0 days
9    -8        99       99  ... 2014-12-16 2014-12-16    0 days

[10 rows x 10 columns]"
27,2014-12-17,2015-05-15,149 days,15.0,10187.073269240691,10412.86012842819,1.8707326924069092,2.7433330063607815,4.7814883562611765,8.362082110073553,0.57180595613873,0.9757055668055625,1.6882669000042736,-2.832187467662295,-2.1349819062143767,13 days 00:00:00,8 days 00:00:00,14,50.0,2.0664905542618683,-2.2149727552561727,0.1386018898960728,3 days,1 days,1.3119487300691897,0.14736212438344806,0.37253986327494404,"SIDEMOMENTUM(multiplier1=100,multiplier2=100,atr_var=7,dema_var=40)","                  Equity  DrawdownPct DrawdownDuration
Date                                                  
2014-12-17  10000.000000     0.000000              NaT
2014-12-18  10000.000000     0.000000              NaT
2014-12-19  10000.000000     0.000000              NaT
2014-12-22  10000.000000     0.000000              NaT
2014-12-23  10000.000000     0.000000              NaT
...                  ...          ...              ...
2015-05-11  10187.073269     0.021683              NaT
2015-05-12  10187.073269     0.021683              NaT
2015-05-13  10187.073269     0.021683              NaT
2015-05-14  10187.073269     0.021683              NaT
2015-05-15  10187.073269     0.021683           9 days

[100 rows x 3 columns]","    Size  EntryBar  ExitBar  ...  EntryTime   ExitTime  Duration
0     -7        80       80  ... 2015-04-17 2015-04-17    0 days
1     -8        81       82  ... 2015-04-20 2015-04-21    1 days
2     -8        82       83  ... 2015-04-21 2015-04-22    1 days
3     -8        83       84  ... 2015-04-22 2015-04-23    1 days
4     -8        84       85  ... 2015-04-23 2015-04-24    1 days
5     -8        85       86  ... 2015-04-24 2015-04-27    3 days
6     -8        86       87  ... 2015-04-27 2015-04-28    1 days
7     -7        87       88  ... 2015-04-28 2015-04-29    1 days
8     -8        88       89  ... 2015-04-29 2015-04-30    1 days
9     -8        89       89  ... 2015-04-30 2015-04-30    0 days
10    -8        90       91  ... 2015-05-04 2015-05-05    1 days
11    -8        91       93  ... 2015-05-05 2015-05-07    2 days
12    -8        93       93  ... 2015-05-07 2015-05-07    0 days
13    -8        99       99  ... 2015-05-15 2015-05-15    0 days

[14 rows x 10 columns]"
28,2015-05-18,2015-10-07,142 days,13.0,9991.17041331545,10153.110250789967,-0.08829586684549212,5.298764243877934,-0.22235629524731682,3.7054479432107352,0.0,0.0,0.0,-1.594977632217831,-0.8363540552402663,14 days 00:00:00,10 days 00:00:00,13,38.46153846153847,1.81270397824288,-1.696362474006441,-0.01267925953991611,3 days,2 days,0.9710787760647648,-0.009275537763040123,-0.031939012372173045,"SIDEMOMENTUM(multiplier1=100,multiplier2=100,atr_var=7,dema_var=40)","                  Equity  DrawdownPct DrawdownDuration
Date                                                  
2015-05-18  10000.000000      0.00000              NaT
2015-05-19  10000.000000      0.00000              NaT
2015-05-20  10000.000000      0.00000              NaT
2015-05-21  10000.000000      0.00000              NaT
2015-05-22  10000.000000      0.00000              NaT
...                  ...          ...              ...
2015-09-30   9991.170413      0.01595              NaT
2015-10-01   9991.170413      0.01595              NaT
2015-10-05   9991.170413      0.01595              NaT
2015-10-06   9991.170413      0.01595              NaT
2015-10-07   9991.170413      0.01595          14 days

[100 rows x 3 columns]","    Size  EntryBar  ExitBar  ...  EntryTime   ExitTime  Duration
0     -7        80       81  ... 2015-09-07 2015-09-08    1 days
1     -7        81       82  ... 2015-09-08 2015-09-09    1 days
2     -7        82       83  ... 2015-09-09 2015-09-10    1 days
3     -7        83       84  ... 2015-09-10 2015-09-11    1 days
4     -7        84       85  ... 2015-09-11 2015-09-14    3 days
5     -7        85       86  ... 2015-09-14 2015-09-15    1 days
6     -7        86       87  ... 2015-09-15 2015-09-16    1 days
7     -7        87       88  ... 2015-09-16 2015-09-18    2 days
8     -7        88       89  ... 2015-09-18 2015-09-21    3 days
9     -7        89       90  ... 2015-09-21 2015-09-22    1 days
10    -7        90       90  ... 2015-09-22 2015-09-22    0 days
11    -8        91       92  ... 2015-09-23 2015-09-24    1 days
12    -7        92       92  ... 2015-09-24 2015-09-24    0 days

[13 rows x 10 columns]"
29,2015-10-08,2016-03-03,147 days,14.000000000000002,9813.767708220088,10246.264289521201,-1.8623229177991196,-9.896352860967857,-4.626844792822904,8.484272890590528,0.0,0.0,0.0,-6.579790775551809,-6.579790775551809,21 days 00:00:00,21 days 00:00:00,12,33.33333333333333,3.5455750184802515,-2.2727272727272707,-0.15492655672951772,4 days,2 days,0.8425200491492518,-0.1362388080296012,-0.28797739026255426,"SIDEMOMENTUM(multiplier1=100,multiplier2=100,atr_var=7,dema_var=40)","                  Equity  DrawdownPct DrawdownDuration
Date                                                  
2015-10-08  10000.000000     0.000000              NaT
2015-10-09  10000.000000     0.000000              NaT
2015-10-12  10000.000000     0.000000              NaT
2015-10-13  10000.000000     0.000000              NaT
2015-10-14  10000.000000     0.000000              NaT
...                  ...          ...              ...
2016-02-26   9811.751569     0.042407              NaT
2016-02-29  10023.009622     0.021789              NaT
2016-03-01   9813.767708     0.042210              NaT
2016-03-02   9813.767708     0.042210              NaT
2016-03-03   9813.767708     0.042210          21 days

[100 rows x 3 columns]","    Size  EntryBar  ExitBar  ...  EntryTime   ExitTime  Duration
0     -8        83       84  ... 2016-02-10 2016-02-11    1 days
1     -8        84       84  ... 2016-02-11 2016-02-11    0 days
2     -9        85       86  ... 2016-02-12 2016-02-15    3 days
3     -8        86       86  ... 2016-02-15 2016-02-15    0 days
4     -8        87       88  ... 2016-02-16 2016-02-17    1 days
5     -8        88       89  ... 2016-02-17 2016-02-18    1 days
6     -8        89       91  ... 2016-02-18 2016-02-22    4 days
7     -8        93       93  ... 2016-02-24 2016-02-24    0 days
8     -8        94       95  ... 2016-02-25 2016-02-26    1 days
9     -8        95       96  ... 2016-02-26 2016-02-29    3 days
10    -8        96       96  ... 2016-02-29 2016-02-29    0 days
11    -9        97       97  ... 2016-03-01 2016-03-01    0 days

[12 rows x 10 columns]"
30,2016-03-04,2016-08-01,150 days,0.0,10000.0,10000.0,0.0,14.875610014989865,0.0,0.0,,,,-0.0,,,,0,,,,,,,,,,"SIDEMOMENTUM(multiplier1=200,multiplier2=100,atr_var=7,dema_var=50)","             Equity  DrawdownPct  DrawdownDuration
Date                                              
2016-03-04  10000.0          0.0               NaN
2016-03-08  10000.0          0.0               NaN
2016-03-09  10000.0          0.0               NaN
2016-03-10  10000.0          0.0               NaN
2016-03-11  10000.0          0.0               NaN
...             ...          ...               ...
2016-07-26  10000.0          0.0               NaN
2016-07-27  10000.0          0.0               NaN
2016-07-28  10000.0          0.0               NaN
2016-07-29  10000.0          0.0               NaN
2016-08-01  10000.0          0.0               NaN

[100 rows x 3 columns]","Empty DataFrame
Columns: [Size, EntryBar, ExitBar, EntryPrice, ExitPrice, PnL, ReturnPct, EntryTime, ExitTime, Duration]
Index: []"
31,2016-08-02,2016-12-28,148 days,2.0,9780.194710550373,10000.0,-2.198052894496268,-14.293125956105158,-5.446915099575977,2.562248462404422,0.0,0.0,0.0,-2.198052894496272,-2.198052894496272,21 days 00:00:00,21 days 00:00:00,1,0.0,-2.260847946202027,-2.260847946202027,-2.260847946202027,1 days,1 days,0.0,-2.260847946202027,,"SIDEMOMENTUM(multiplier1=100,multiplier2=100,atr_var=7,dema_var=40)","                  Equity  DrawdownPct DrawdownDuration
Date                                                  
2016-08-02  10000.000000     0.000000              NaT
2016-08-03  10000.000000     0.000000              NaT
2016-08-04  10000.000000     0.000000              NaT
2016-08-05  10000.000000     0.000000              NaT
2016-08-08  10000.000000     0.000000              NaT
...                  ...          ...              ...
2016-12-22   9780.194711     0.021981              NaT
2016-12-23   9780.194711     0.021981              NaT
2016-12-26   9780.194711     0.021981              NaT
2016-12-27   9780.194711     0.021981              NaT
2016-12-28   9780.194711     0.021981          21 days

[100 rows x 3 columns]","   Size  EntryBar  ExitBar  ...  EntryTime   ExitTime  Duration
0    -9        85       86  ... 2016-12-08 2016-12-09    1 days

[1 rows x 10 columns]"
32,2016-12-29,2017-05-25,147 days,0.0,10000.0,10000.0,0.0,11.60437777567611,0.0,0.0,,,,-0.0,,,,0,,,,,,,,,,"SIDEMOMENTUM(multiplier1=100,multiplier2=200,atr_var=14,dema_var=50)","             Equity  DrawdownPct  DrawdownDuration
Date                                              
2016-12-29  10000.0          0.0               NaN
2016-12-30  10000.0          0.0               NaN
2017-01-02  10000.0          0.0               NaN
2017-01-03  10000.0          0.0               NaN
2017-01-04  10000.0          0.0               NaN
...             ...          ...               ...
2017-05-19  10000.0          0.0               NaN
2017-05-22  10000.0          0.0               NaN
2017-05-23  10000.0          0.0               NaN
2017-05-24  10000.0          0.0               NaN
2017-05-25  10000.0          0.0               NaN

[100 rows x 3 columns]","Empty DataFrame
Columns: [Size, EntryBar, ExitBar, EntryPrice, ExitPrice, PnL, ReturnPct, EntryTime, ExitTime, Duration]
Index: []"
33,2017-05-26,2017-10-18,145 days,0.0,10000.0,10000.0,0.0,0.3238668731213032,0.0,0.0,,,,-0.0,,,,0,,,,,,,,,,"SIDEMOMENTUM(multiplier1=100,multiplier2=200,atr_var=14,dema_var=50)","             Equity  DrawdownPct  DrawdownDuration
Date                                              
2017-05-26  10000.0          0.0               NaN
2017-05-29  10000.0          0.0               NaN
2017-05-30  10000.0          0.0               NaN
2017-05-31  10000.0          0.0               NaN
2017-06-01  10000.0          0.0               NaN
...             ...          ...               ...
2017-10-12  10000.0          0.0               NaN
2017-10-13  10000.0          0.0               NaN
2017-10-16  10000.0          0.0               NaN
2017-10-17  10000.0          0.0               NaN
2017-10-18  10000.0          0.0               NaN

[100 rows x 3 columns]","Empty DataFrame
Columns: [Size, EntryBar, ExitBar, EntryPrice, ExitPrice, PnL, ReturnPct, EntryTime, ExitTime, Duration]
Index: []"
34,2017-10-19,2018-03-14,146 days,19.0,10154.896304291919,10174.599853515625,1.5489630429191856,11.72646044551343,3.9494611478822828,9.730065714939453,0.40590282363852037,0.7350630921148255,0.8438882376581832,-4.6800760712605305,-4.6800760712605305,28 days 00:00:00,28 days 00:00:00,18,50.0,3.8810416581087748,-1.7757852402566554,0.06811792182217502,4 days,2 days,1.1872603783837008,0.07647818524472469,0.260157695988748,"SIDEMOMENTUM(multiplier1=100,multiplier2=100,atr_var=7,dema_var=40)","                  Equity  DrawdownPct DrawdownDuration
Date                                                  
2017-10-19  10000.000000     0.000000              NaT
2017-10-23  10000.000000     0.000000              NaT
2017-10-24  10000.000000     0.000000              NaT
2017-10-25  10000.000000     0.000000              NaT
2017-10-26  10000.000000     0.000000              NaT
...                  ...          ...              ...
2018-03-08   9896.570987     0.027326              NaT
2018-03-09   9806.120547     0.036216              NaT
2018-03-12   9751.971133     0.041538              NaT
2018-03-13  10133.721133     0.004018              NaT
2018-03-14  10154.896304     0.001937          28 days

[100 rows x 3 columns]","    Size  EntryBar  ExitBar  ...  EntryTime   ExitTime  Duration
0     -6        80       81  ... 2018-02-14 2018-02-15    1 days
1     -6        81       82  ... 2018-02-15 2018-02-16    1 days
2     -6        82       83  ... 2018-02-16 2018-02-19    3 days
3     -6        83       84  ... 2018-02-19 2018-02-20    1 days
4     -6        84       85  ... 2018-02-20 2018-02-21    1 days
5     -6        85       85  ... 2018-02-21 2018-02-21    0 days
6     -6        86       87  ... 2018-02-22 2018-02-23    1 days
7     -6        87       89  ... 2018-02-23 2018-02-27    4 days
8     -6        89       90  ... 2018-02-27 2018-02-28    1 days
9     -6        90       91  ... 2018-02-28 2018-03-01    1 days
10    -6        91       92  ... 2018-03-01 2018-03-05    4 days
11    -6        92       92  ... 2018-03-05 2018-03-05    0 days
12    -6        94       95  ... 2018-03-07 2018-03-08    1 days
13    -6        95       96  ... 2018-03-08 2018-03-09    1 days
14    -6        96       97  ... 2018-03-09 2018-03-12    3 days
15    -6        97       98  ... 2018-03-12 2018-03-13    1 days
16    -6        98       98  ... 2018-03-13 2018-03-13    0 days
17    -7        99       99  ... 2018-03-14 2018-03-14    0 days

[18 rows x 10 columns]"
35,2018-03-15,2018-08-06,144 days,0.0,10107.249755859375,10107.249755859375,0.0,37.683387283843835,0.0,0.0,,,,-0.0,,,,0,,,,,,,,,,"SIDEMOMENTUM(multiplier1=100,multiplier2=100,atr_var=14,dema_var=50)","                  Equity  DrawdownPct  DrawdownDuration
Date                                                   
2018-03-15  10107.249756          0.0               NaN
2018-03-16  10107.249756          0.0               NaN
2018-03-19  10107.249756          0.0               NaN
2018-03-20  10107.249756          0.0               NaN
2018-03-21  10107.249756          0.0               NaN
...                  ...          ...               ...
2018-07-31  10107.249756          0.0               NaN
2018-08-01  10107.249756          0.0               NaN
2018-08-02  10107.249756          0.0               NaN
2018-08-03  10107.249756          0.0               NaN
2018-08-06  10107.249756          0.0               NaN

[100 rows x 3 columns]","Empty DataFrame
Columns: [Size, EntryBar, ExitBar, EntryPrice, ExitPrice, PnL, ReturnPct, EntryTime, ExitTime, Duration]
Index: []"
36,2018-08-07,2019-01-04,150 days,9.0,10143.389873933895,10143.389873933895,1.433898739338947,-4.600096633698654,3.6529002941820377,7.707599659761078,0.4739348766714839,0.9788550016772721,1.536354601762678,-2.377641392157137,-1.9321858236688305,9 days 00:00:00,7 days 00:00:00,8,50.0,2.264305340715911,-1.8816757606517465,0.02327757496405347,3 days,1 days,1.0539584250398362,0.03420169659448802,0.0646935908443428,"SIDEMOMENTUM(multiplier1=100,multiplier2=100,atr_var=7,dema_var=40)","                  Equity  DrawdownPct DrawdownDuration
Date                                                  
2018-08-07  10000.000000     0.000000              NaT
2018-08-08  10000.000000     0.000000              NaT
2018-08-09  10000.000000     0.000000              NaT
2018-08-10  10000.000000     0.000000              NaT
2018-08-13  10000.000000     0.000000              NaT
...                  ...          ...              ...
2018-12-31  10068.481021     0.000042              NaT
2019-01-01  10019.731021     0.004884              NaT
2019-01-02   9917.231021     0.015064              NaT
2019-01-03   9829.501649     0.023776              NaT
2019-01-04  10143.389874     0.000000           9 days

[100 rows x 3 columns]","   Size  EntryBar  ExitBar  ...  EntryTime   ExitTime  Duration
0    -5        91       91  ... 2018-12-24 2018-12-24    0 days
1    -5        92       92  ... 2018-12-26 2018-12-26    0 days
2    -5        93       93  ... 2018-12-27 2018-12-27    0 days
3    -5        94       95  ... 2018-12-28 2018-12-31    3 days
4    -5        95       96  ... 2018-12-31 2019-01-01    1 days
5    -5        96       97  ... 2019-01-01 2019-01-02    1 days
6    -5        97       98  ... 2019-01-02 2019-01-03    1 days
7    -5        99       99  ... 2019-01-04 2019-01-04    0 days

[8 rows x 10 columns]"
37,2019-01-07,2019-06-06,150 days,17.0,10009.14002461866,10489.14002461866,0.0914002461866039,14.131412076091243,0.2304886416402141,7.593768336430107,0.030352340422932722,0.043866250042644946,0.05036724242184071,-4.576161619288244,-2.5594048838848678,13 days 00:00:00,8 days 00:00:00,16,43.75,2.6462827218138085,-2.067307692307696,-0.0024466343452878014,3 days,2 days,1.0117011782622074,0.006530366670430554,0.01912282702773078,"SIDEMOMENTUM(multiplier1=100,multiplier2=100,atr_var=7,dema_var=40)","                  Equity  DrawdownPct DrawdownDuration
Date                                                  
2019-01-07  10000.000000     0.000000              NaT
2019-01-08  10000.000000     0.000000              NaT
2019-01-09  10000.000000     0.000000              NaT
2019-01-10  10000.000000     0.000000              NaT
2019-01-11  10000.000000     0.000000              NaT
...                  ...          ...              ...
2019-05-30  10063.939829     0.040537              NaT
2019-05-31  10009.140025     0.045762              NaT
2019-06-03  10009.140025     0.045762              NaT
2019-06-04  10009.140025     0.045762              NaT
2019-06-06  10009.140025     0.045762          13 days

[100 rows x 3 columns]","    Size  EntryBar  ExitBar  ...  EntryTime   ExitTime  Duration
0     -4        80       81  ... 2019-05-09 2019-05-10    1 days
1     -4        81       82  ... 2019-05-10 2019-05-13    3 days
2     -4        82       83  ... 2019-05-13 2019-05-14    1 days
3     -4        83       83  ... 2019-05-14 2019-05-14    0 days
4     -4        84       85  ... 2019-05-15 2019-05-16    1 days
5     -4        85       86  ... 2019-05-16 2019-05-17    1 days
6     -4        86       87  ... 2019-05-17 2019-05-20    3 days
7     -4        87       87  ... 2019-05-20 2019-05-20    0 days
8     -4        88       89  ... 2019-05-21 2019-05-22    1 days
9     -4        89       90  ... 2019-05-22 2019-05-23    1 days
10    -4        90       91  ... 2019-05-23 2019-05-24    1 days
11    -5        91       92  ... 2019-05-24 2019-05-27    3 days
12    -5        92       93  ... 2019-05-27 2019-05-28    1 days
13    -5        93       94  ... 2019-05-28 2019-05-29    1 days
14    -4        94       95  ... 2019-05-29 2019-05-30    1 days
15    -4        95       96  ... 2019-05-30 2019-05-31    1 days

[16 rows x 10 columns]"
38,2019-06-07,2019-11-04,150 days,11.0,10093.400390625,10518.400390625,0.93400390625,0.5591819031454108,2.370424363826751,6.930666056157464,0.34201970555496275,0.6189696925676395,0.5866605306922902,-4.040538334885979,-2.3952691674429873,24 days 00:00:00,14 days 00:00:00,9,44.44444444444444,4.783037475345164,-2.0858895705521574,0.21951402000632836,4 days,2 days,1.414356869690768,0.23835972509269363,0.1731414925460382,"SIDEMOMENTUM(multiplier1=100,multiplier2=100,atr_var=7,dema_var=40)","                  Equity  DrawdownPct DrawdownDuration
Date                                                  
2019-06-07  10000.000000     0.000000              NaT
2019-06-10  10000.000000     0.000000              NaT
2019-06-11  10000.000000     0.000000              NaT
2019-06-12  10000.000000     0.000000              NaT
2019-06-13  10000.000000     0.000000              NaT
...                  ...          ...              ...
2019-10-29  10093.400391     0.040405              NaT
2019-10-30  10093.400391     0.040405              NaT
2019-10-31  10093.400391     0.040405              NaT
2019-11-01  10093.400391     0.040405              NaT
2019-11-04  10093.400391     0.040405          24 days

[100 rows x 3 columns]","   Size  EntryBar  ExitBar  ...  EntryTime   ExitTime  Duration
0    -4        80       81  ... 2019-10-04 2019-10-07    3 days
1    -4        81       82  ... 2019-10-07 2019-10-09    2 days
2    -4        82       83  ... 2019-10-09 2019-10-10    1 days
3    -4        83       84  ... 2019-10-10 2019-10-11    1 days
4    -5        84       84  ... 2019-10-11 2019-10-11    0 days
5    -5        85       86  ... 2019-10-14 2019-10-15    1 days
6    -5        86       87  ... 2019-10-15 2019-10-16    1 days
7    -5        87       89  ... 2019-10-16 2019-10-18    2 days
8    -5        89       90  ... 2019-10-18 2019-10-22    4 days

[9 rows x 10 columns]"
39,2019-11-05,2020-03-27,143 days,18.0,9043.304322728729,10673.559514866884,-9.566956772712711,-17.137865018963765,-22.385224161693095,14.008927347316714,0.0,0.0,0.0,-15.273772445522237,-11.023437782722233,14 days 00:00:00,11 days 00:00:00,18,50.0,6.983545696941529,-7.989829638267176,-0.5917235994903569,1 days,1 days,0.6761271315774251,-0.523553058173497,-0.6332851395160534,"SIDEMOMENTUM(multiplier1=100,multiplier2=100,atr_var=7,dema_var=40)","                  Equity  DrawdownPct DrawdownDuration
Date                                                  
2019-11-05  10000.000000     0.000000              NaT
2019-11-06  10000.000000     0.000000              NaT
2019-11-07  10000.000000     0.000000              NaT
2019-11-08  10000.000000     0.000000              NaT
2019-11-11  10000.000000     0.000000              NaT
...                  ...          ...              ...
2020-03-23   9936.604005     0.069045              NaT
2020-03-24   9636.004152     0.097208              NaT
2020-03-25   9403.404054     0.119000              NaT
2020-03-26   9159.504518     0.141851              NaT
2020-03-27   9043.304323     0.152738           8 days

[100 rows x 3 columns]","    Size  EntryBar  ExitBar  ...  EntryTime   ExitTime  Duration
0     -4        80       80  ... 2020-02-28 2020-02-28    0 days
1     -4        81       82  ... 2020-03-02 2020-03-03    1 days
2     -5        82       83  ... 2020-03-03 2020-03-04    1 days
3     -4        83       84  ... 2020-03-04 2020-03-05    1 days
4     -4        84       84  ... 2020-03-05 2020-03-05    0 days
5     -4        87       88  ... 2020-03-11 2020-03-12    1 days
6     -5        88       88  ... 2020-03-12 2020-03-12    0 days
7     -5        89       89  ... 2020-03-13 2020-03-13    0 days
8     -5        90       90  ... 2020-03-16 2020-03-16    0 days
9     -5        91       92  ... 2020-03-17 2020-03-18    1 days
10    -6        92       93  ... 2020-03-18 2020-03-19    1 days
11    -7        93       94  ... 2020-03-19 2020-03-20    1 days
12    -6        94       94  ... 2020-03-20 2020-03-20    0 days
13    -6        95       95  ... 2020-03-23 2020-03-23    0 days
14    -6        96       97  ... 2020-03-24 2020-03-25    1 days
15    -5        97       98  ... 2020-03-25 2020-03-26    1 days
16    -4        98       99  ... 2020-03-26 2020-03-27    1 days
17    -4        99       99  ... 2020-03-27 2020-03-27    0 days

[18 rows x 10 columns]"
40,2020-03-30,2020-08-24,147 days,16.0,9655.483623317,10000.0,-3.4451637668299915,26.404278754919876,-8.455857793151722,6.972459770591994,0.0,0.0,0.0,-5.845163766829997,-5.845163766829997,28 days 00:00:00,28 days 00:00:00,15,40.0,1.509922346850734,-4.423428789452588,-0.2792404337176202,4 days,2 days,0.5011824990300404,-0.270077473419396,-0.7367449798397777,"SIDEMOMENTUM(multiplier1=200,multiplier2=100,atr_var=7,dema_var=40)","                  Equity  DrawdownPct DrawdownDuration
Date                                                  
2020-03-30  10000.000000     0.000000              NaT
2020-03-31  10000.000000     0.000000              NaT
2020-04-01  10000.000000     0.000000              NaT
2020-04-03  10000.000000     0.000000              NaT
2020-04-07  10000.000000     0.000000              NaT
...                  ...          ...              ...
2020-08-18   9568.884014     0.043112              NaT
2020-08-19   9621.483623     0.037852              NaT
2020-08-20   9636.483623     0.036352              NaT
2020-08-21   9653.483623     0.034652              NaT
2020-08-24   9655.483623     0.034452          28 days

[100 rows x 3 columns]","    Size  EntryBar  ExitBar  ...  EntryTime   ExitTime  Duration
0     -4        80       80  ... 2020-07-28 2020-07-28    0 days
1     -4        85       86  ... 2020-08-04 2020-08-05    1 days
2     -4        86       87  ... 2020-08-05 2020-08-06    1 days
3     -4        87       89  ... 2020-08-06 2020-08-10    4 days
4     -4        89       90  ... 2020-08-10 2020-08-11    1 days
5     -4        90       91  ... 2020-08-11 2020-08-12    1 days
6     -4        91       92  ... 2020-08-12 2020-08-13    1 days
7     -4        92       93  ... 2020-08-13 2020-08-14    1 days
8     -4        93       94  ... 2020-08-14 2020-08-17    3 days
9     -4        94       95  ... 2020-08-17 2020-08-18    1 days
10    -4        95       96  ... 2020-08-18 2020-08-19    1 days
11    -4        96       97  ... 2020-08-19 2020-08-20    1 days
12    -4        97       98  ... 2020-08-20 2020-08-21    1 days
13    -4        98       99  ... 2020-08-21 2020-08-24    3 days
14    -4        99       99  ... 2020-08-24 2020-08-24    0 days

[15 rows x 10 columns]"
41,2020-08-25,2021-01-14,142 days,1.0,9893.020083614289,10000.0,-1.0697991638571147,44.94905993907615,-2.674015695629961,1.6614678983889242,0.0,0.0,0.0,-1.0697991638571103,-1.0697991638571103,14 days 00:00:00,14 days 00:00:00,1,0.0,-1.2381934766864777,-1.2381934766864777,-1.2381934766864777,0 days,0 days,0.0,-1.2381934766864777,,"SIDEMOMENTUM(multiplier1=100,multiplier2=100,atr_var=7,dema_var=40)","                  Equity  DrawdownPct DrawdownDuration
Date                                                  
2020-08-25  10000.000000     0.000000              NaT
2020-08-26  10000.000000     0.000000              NaT
2020-08-27  10000.000000     0.000000              NaT
2020-08-28  10000.000000     0.000000              NaT
2020-08-31  10000.000000     0.000000              NaT
...                  ...          ...              ...
2021-01-08   9893.020084     0.010698              NaT
2021-01-11   9893.020084     0.010698              NaT
2021-01-12   9893.020084     0.010698              NaT
2021-01-13   9893.020084     0.010698              NaT
2021-01-14   9893.020084     0.010698          14 days

[100 rows x 3 columns]","   Size  EntryBar  ExitBar  ...  EntryTime   ExitTime  Duration
0    -3        90       90  ... 2021-01-01 2021-01-01    0 days

[1 rows x 10 columns]"
42,2021-01-15,2021-06-14,150 days,6.0,9796.269224222451,10000.145301458122,-2.0373077577754883,1.3298900119467205,-5.054804225608445,2.752714910271492,0.0,0.0,0.0,-2.038731149295836,-1.3786390673573068,25 days 00:00:00,14 days 00:00:00,6,33.33333333333333,0.5479864573200377,-1.1629590042655291,-0.3682400027659516,3 days,1 days,0.25351735529158503,-0.36652908666001494,-1.4033720523865412,"SIDEMOMENTUM(multiplier1=100,multiplier2=100,atr_var=7,dema_var=40)","                  Equity  DrawdownPct DrawdownDuration
Date                                                  
2021-01-15  10000.000000     0.000000              NaT
2021-01-18  10000.000000     0.000000              NaT
2021-01-19  10000.000000     0.000000              NaT
2021-01-20  10000.000000     0.000000              NaT
2021-01-21  10000.000000     0.000000              NaT
...                  ...          ...              ...
2021-06-08   9796.269224     0.020387              NaT
2021-06-09   9796.269224     0.020387              NaT
2021-06-10   9796.269224     0.020387              NaT
2021-06-11   9796.269224     0.020387              NaT
2021-06-14   9796.269224     0.020387          25 days

[100 rows x 3 columns]","   Size  EntryBar  ExitBar  ...  EntryTime   ExitTime  Duration
0    -3        80       80  ... 2021-05-18 2021-05-18    0 days
1    -3        81       82  ... 2021-05-19 2021-05-20    1 days
2    -3        82       83  ... 2021-05-20 2021-05-21    1 days
3    -3        83       84  ... 2021-05-21 2021-05-24    3 days
4    -3        84       85  ... 2021-05-24 2021-05-25    1 days
5    -3        85       85  ... 2021-05-25 2021-05-25    0 days

[6 rows x 10 columns]"
43,2021-06-15,2021-11-08,146 days,19.0,10300.887245891492,10538.01285712883,3.0088724589149205,7.35575817944985,7.756648709421499,6.386494916174569,1.2145392443321061,2.002695017850398,3.283701004352101,-2.3621665611884612,-0.8408177391479832,10 days 00:00:00,5 days 00:00:00,19,52.63157894736842,2.732666899658609,-1.8190914184005091,0.1950390043669703,4 days,2 days,1.5028355940435172,0.20242241601702177,0.512865366444038,"SIDEMOMENTUM(multiplier1=100,multiplier2=100,atr_var=7,dema_var=40)","                  Equity  DrawdownPct DrawdownDuration
Date                                                  
2021-06-15  10000.000000     0.000000              NaT
2021-06-16  10000.000000     0.000000              NaT
2021-06-17  10000.000000     0.000000              NaT
2021-06-18  10000.000000     0.000000              NaT
2021-06-21  10000.000000     0.000000              NaT
...                  ...          ...              ...
2021-11-01  10318.387246     0.020841              NaT
2021-11-02  10337.987344     0.018981              NaT
2021-11-03  10321.887246     0.020509              NaT
2021-11-04  10289.087441     0.023622              NaT
2021-11-08  10300.887246     0.022502          10 days

[100 rows x 3 columns]","    Size  EntryBar  ExitBar  ...  EntryTime   ExitTime  Duration
0     -2        80       80  ... 2021-10-08 2021-10-08    0 days
1     -2        82       83  ... 2021-10-12 2021-10-13    1 days
2     -2        83       84  ... 2021-10-13 2021-10-14    1 days
3     -2        84       85  ... 2021-10-14 2021-10-18    4 days
4     -2        85       86  ... 2021-10-18 2021-10-19    1 days
5     -2        86       87  ... 2021-10-19 2021-10-20    1 days
6     -2        87       88  ... 2021-10-20 2021-10-21    1 days
7     -2        88       88  ... 2021-10-21 2021-10-21    0 days
8     -2        89       90  ... 2021-10-22 2021-10-25    3 days
9     -2        90       91  ... 2021-10-25 2021-10-26    1 days
10    -2        91       92  ... 2021-10-26 2021-10-27    1 days
11    -2        92       93  ... 2021-10-27 2021-10-28    1 days
12    -2        93       93  ... 2021-10-28 2021-10-28    0 days
13    -3        94       95  ... 2021-10-29 2021-11-01    3 days
14    -3        95       95  ... 2021-11-01 2021-11-01    0 days
15    -2        96       97  ... 2021-11-02 2021-11-03    1 days
16    -2        97       98  ... 2021-11-03 2021-11-04    1 days
17    -2        98       99  ... 2021-11-04 2021-11-08    4 days
18    -2        99       99  ... 2021-11-08 2021-11-08    0 days

[19 rows x 10 columns]"
44,2021-11-09,2022-04-01,143 days,0.0,10000.0,10000.0,0.0,7.218246066481992,0.0,0.0,,,,-0.0,,,,0,,,,,,,,,,"SIDEMOMENTUM(multiplier1=100,multiplier2=200,atr_var=14,dema_var=50)","             Equity  DrawdownPct  DrawdownDuration
Date                                              
2021-11-09  10000.0          0.0               NaN
2021-11-10  10000.0          0.0               NaN
2021-11-11  10000.0          0.0               NaN
2021-11-12  10000.0          0.0               NaN
2021-11-15  10000.0          0.0               NaN
...             ...          ...               ...
2022-03-28  10000.0          0.0               NaN
2022-03-29  10000.0          0.0               NaN
2022-03-30  10000.0          0.0               NaN
2022-03-31  10000.0          0.0               NaN
2022-04-01  10000.0          0.0               NaN

[100 rows x 3 columns]","Empty DataFrame
Columns: [Size, EntryBar, ExitBar, EntryPrice, ExitPrice, PnL, ReturnPct, EntryTime, ExitTime, Duration]
Index: []"
45,2022-04-04,2022-08-26,144 days,3.0,10209.400146484375,10221.400146484375,2.09400146484375,-14.538441584645408,5.361166235319814,2.6140253240894085,2.0509236027341733,28.622380110898558,45.66552111918826,-0.11740074576893633,-0.11740074576893633,0.0011740074576893633,0.0011740074576893633,3,66.66666666666666,1.2728922824137623,-0.0,0.5849403138272757,1 days,1 days,,0.5863063379613325,1.5835349088436894,"SIDEMOMENTUM(multiplier1=100,multiplier2=200,atr_var=14,dema_var=40)","                  Equity  DrawdownPct  DrawdownDuration
Date                                                   
2022-04-04  10000.000000     0.000000               NaN
2022-04-05  10000.000000     0.000000               NaN
2022-04-06  10000.000000     0.000000               NaN
2022-04-07  10000.000000     0.000000               NaN
2022-04-08  10000.000000     0.000000               NaN
...                  ...          ...               ...
2022-08-22  10000.000000     0.000000               NaN
2022-08-23  10000.000000     0.000000               NaN
2022-08-24  10109.949707     0.000000               NaN
2022-08-25  10221.400146     0.000000               NaN
2022-08-26  10209.400146     0.001174          0.001174

[100 rows x 3 columns]","   Size  EntryBar  ExitBar  ...  EntryTime   ExitTime  Duration
0    -3        97       98  ... 2022-08-24 2022-08-25    1 days
1    -3        98       99  ... 2022-08-25 2022-08-26    1 days
2    -3        99       99  ... 2022-08-26 2022-08-26    0 days

[3 rows x 10 columns]"
46,2022-08-29,2023-01-19,143 days,20.0,9539.217998511096,10000.0,-4.60782001488904,7.679048860467971,-11.208337031115112,6.269488526109465,0.0,0.0,0.0,-4.8078200148890415,-4.8078200148890415,28 days 00:00:00,28 days 00:00:00,13,46.15384615384615,2.773759032838574,-2.732436694184215,-0.3527087608446,8 days,2 days,0.5696235543499578,-0.3421892207931774,-1.0768218470683668,"SIDEMOMENTUM(multiplier1=200,multiplier2=200,atr_var=7,dema_var=40)","                  Equity  DrawdownPct DrawdownDuration
Date                                                  
2022-08-29  10000.000000     0.000000              NaT
2022-08-30  10000.000000     0.000000              NaT
2022-09-01  10000.000000     0.000000              NaT
2022-09-02  10000.000000     0.000000              NaT
2022-09-05  10000.000000     0.000000              NaT
...                  ...          ...              ...
2023-01-13   9550.117901     0.044988              NaT
2023-01-16   9631.117901     0.036888              NaT
2023-01-17   9542.418194     0.045758              NaT
2023-01-18   9519.217999     0.048078              NaT
2023-01-19   9539.217999     0.046078          28 days

[100 rows x 3 columns]","    Size  EntryBar  ExitBar  ...  EntryTime   ExitTime  Duration
0     -3        80       81  ... 2022-12-23 2022-12-26    3 days
1     -3        81       82  ... 2022-12-26 2022-12-27    1 days
2     -3        82       83  ... 2022-12-27 2022-12-28    1 days
3     -3        83       84  ... 2022-12-28 2022-12-29    1 days
4     -3        84       85  ... 2022-12-29 2022-12-30    1 days
5     -2        85       86  ... 2022-12-30 2023-01-02    3 days
6     -3        86       87  ... 2023-01-02 2023-01-03    1 days
7     -3        87       88  ... 2023-01-03 2023-01-04    1 days
8     -2        88       89  ... 2023-01-04 2023-01-05    1 days
9     -2        89       90  ... 2023-01-05 2023-01-06    1 days
10    -2        90       90  ... 2023-01-06 2023-01-06    0 days
11    -3        91       93  ... 2023-01-09 2023-01-11    2 days
12    -2        93       99  ... 2023-01-11 2023-01-19    8 days

[13 rows x 10 columns]"
47,2023-01-20,2023-06-19,150 days,0.0,9938.80029296875,9938.80029296875,0.0,-4.540459423700086,0.0,0.0,,,,-0.0,,,,0,,,,,,,,,,"SIDEMOMENTUM(multiplier1=200,multiplier2=200,atr_var=7,dema_var=50)","                 Equity  DrawdownPct  DrawdownDuration
Date                                                  
2023-01-20  9938.800293          0.0               NaN
2023-01-23  9938.800293          0.0               NaN
2023-01-24  9938.800293          0.0               NaN
2023-01-25  9938.800293          0.0               NaN
2023-01-27  9938.800293          0.0               NaN
...                 ...          ...               ...
2023-06-13  9938.800293          0.0               NaN
2023-06-14  9938.800293          0.0               NaN
2023-06-15  9938.800293          0.0               NaN
2023-06-16  9938.800293          0.0               NaN
2023-06-19  9938.800293          0.0               NaN

[100 rows x 3 columns]","Empty DataFrame
Columns: [Size, EntryBar, ExitBar, EntryPrice, ExitPrice, PnL, ReturnPct, EntryTime, ExitTime, Duration]
Index: []"
48,2023-06-20,2023-11-13,146 days,20.0,10527.849853515625,10530.55029296875,5.27849853515625,3.2174644244284645,13.840291685346529,6.285798842574909,2.201834966719521,5.109411169868633,9.544562424565854,-1.4500708434494913,-1.13472313419416,12 days 00:00:00,8 days 00:00:00,20,60.0,2.3754678951914743,-1.4626865671641731,0.29483651035309144,3 days,2 days,2.3405306092432916,0.29890916213784813,1.2450096536439474,"SIDEMOMENTUM(multiplier1=100,multiplier2=200,atr_var=14,dema_var=40)","                  Equity  DrawdownPct DrawdownDuration
Date                                                  
2023-06-20  10000.000000     0.000000              NaT
2023-06-21  10000.000000     0.000000              NaT
2023-06-22  10000.000000     0.000000              NaT
2023-06-23  10000.000000     0.000000              NaT
2023-06-26  10000.000000     0.000000              NaT
...                  ...          ...              ...
2023-11-07  10411.150146     0.011338              NaT
2023-11-08  10377.849854     0.014501              NaT
2023-11-09  10480.150146     0.004786              NaT
2023-11-10  10522.150146     0.000798              NaT
2023-11-13  10527.849854     0.000256          12 days

[100 rows x 3 columns]","    Size  EntryBar  ExitBar  ...  EntryTime   ExitTime  Duration
0     -2        80       81  ... 2023-10-16 2023-10-17    1 days
1     -2        81       82  ... 2023-10-17 2023-10-18    1 days
2     -2        82       83  ... 2023-10-18 2023-10-19    1 days
3     -2        83       84  ... 2023-10-19 2023-10-20    1 days
4     -2        84       85  ... 2023-10-20 2023-10-23    3 days
5     -2        85       86  ... 2023-10-23 2023-10-25    2 days
6     -3        86       87  ... 2023-10-25 2023-10-26    1 days
7     -3        87       88  ... 2023-10-26 2023-10-27    1 days
8     -3        88       89  ... 2023-10-27 2023-10-30    3 days
9     -3        89       90  ... 2023-10-30 2023-10-31    1 days
10    -3        90       91  ... 2023-10-31 2023-11-01    1 days
11    -3        91       92  ... 2023-11-01 2023-11-02    1 days
12    -3        92       93  ... 2023-11-02 2023-11-03    1 days
13    -3        93       94  ... 2023-11-03 2023-11-06    3 days
14    -3        94       95  ... 2023-11-06 2023-11-07    1 days
15    -3        95       96  ... 2023-11-07 2023-11-08    1 days
16    -3        96       97  ... 2023-11-08 2023-11-09    1 days
17    -3        97       98  ... 2023-11-09 2023-11-10    1 days
18    -3        98       99  ... 2023-11-10 2023-11-13    3 days
19    -3        99       99  ... 2023-11-13 2023-11-13    0 days

[20 rows x 10 columns]"
49,2023-11-15,2024-04-12,149 days,0.0,9939.2001953125,9939.2001953125,0.0,17.539577738488912,0.0,0.0,,,,-0.0,,,,0,,,,,,,,,,"SIDEMOMENTUM(multiplier1=100,multiplier2=100,atr_var=14,dema_var=50)","                 Equity  DrawdownPct  DrawdownDuration
Date                                                  
2023-11-15  9939.200195          0.0               NaN
2023-11-16  9939.200195          0.0               NaN
2023-11-17  9939.200195          0.0               NaN
2023-11-20  9939.200195          0.0               NaN
2023-11-21  9939.200195          0.0               NaN
...                 ...          ...               ...
2024-04-05  9939.200195          0.0               NaN
2024-04-08  9939.200195          0.0               NaN
2024-04-09  9939.200195          0.0               NaN
2024-04-10  9939.200195          0.0               NaN
2024-04-12  9939.200195          0.0               NaN

[100 rows x 3 columns]","Empty DataFrame
Columns: [Size, EntryBar, ExitBar, EntryPrice, ExitPrice, PnL, ReturnPct, EntryTime, ExitTime, Duration]
Index: []"
